<?xml version="1.0" encoding="UTF-8"?>
<!-- IMPORTANT: This is an internal file that has been generated
     by the Xilinx ISE software.  Any direct editing or
     changes made to this file may result in unpredictable
     behavior or data corruption.  It is strongly advised that
     users do not edit the contents of this file. -->
<DeviceUsageSummary rev="266">
<DesignStatistics TimeStamp="Wed May 01 20:33:33 2013"><group name="NetStatistics">
<item name="NumNets_Active" rev="266">
<attrib name="value" value="6420"/></item>
<item name="NumNets_Gnd" rev="266">
<attrib name="value" value="1"/></item>
<item name="NumNets_Vcc" rev="266">
<attrib name="value" value="1"/></item>
<item name="NumNodesOfType_Active_BOUNCEACROSS" rev="266">
<attrib name="value" value="109"/></item>
<item name="NumNodesOfType_Active_BOUNCEIN" rev="266">
<attrib name="value" value="622"/></item>
<item name="NumNodesOfType_Active_BUFGOUT" rev="266">
<attrib name="value" value="3"/></item>
<item name="NumNodesOfType_Active_BUFHINP2OUT" rev="266">
<attrib name="value" value="17"/></item>
<item name="NumNodesOfType_Active_CLKPIN" rev="266">
<attrib name="value" value="280"/></item>
<item name="NumNodesOfType_Active_CLKPINFEED" rev="266">
<attrib name="value" value="25"/></item>
<item name="NumNodesOfType_Active_CNTRLPIN" rev="266">
<attrib name="value" value="249"/></item>
<item name="NumNodesOfType_Active_DOUBLE" rev="266">
<attrib name="value" value="11222"/></item>
<item name="NumNodesOfType_Active_GENERIC" rev="266">
<attrib name="value" value="30"/></item>
<item name="NumNodesOfType_Active_GLOBAL" rev="266">
<attrib name="value" value="132"/></item>
<item name="NumNodesOfType_Active_INPUT" rev="266">
<attrib name="value" value="3111"/></item>
<item name="NumNodesOfType_Active_IOBIN2OUT" rev="266">
<attrib name="value" value="25"/></item>
<item name="NumNodesOfType_Active_IOBOUTPUT" rev="266">
<attrib name="value" value="25"/></item>
<item name="NumNodesOfType_Active_LUTINPUT" rev="266">
<attrib name="value" value="15914"/></item>
<item name="NumNodesOfType_Active_OUTBOUND" rev="266">
<attrib name="value" value="5463"/></item>
<item name="NumNodesOfType_Active_OUTPUT" rev="266">
<attrib name="value" value="6438"/></item>
<item name="NumNodesOfType_Active_PADINPUT" rev="266">
<attrib name="value" value="21"/></item>
<item name="NumNodesOfType_Active_PADOUTPUT" rev="266">
<attrib name="value" value="5"/></item>
<item name="NumNodesOfType_Active_PINBOUNCE" rev="266">
<attrib name="value" value="2638"/></item>
<item name="NumNodesOfType_Active_PINFEED" rev="266">
<attrib name="value" value="17801"/></item>
<item name="NumNodesOfType_Active_PINFEED2" rev="266">
<attrib name="value" value="7"/></item>
<item name="NumNodesOfType_Active_QUAD" rev="266">
<attrib name="value" value="6816"/></item>
<item name="NumNodesOfType_Active_REGINPUT" rev="266">
<attrib name="value" value="948"/></item>
<item name="NumNodesOfType_Active_SINGLE" rev="266">
<attrib name="value" value="11394"/></item>
<item name="NumNodesOfType_Gnd_BOUNCEACROSS" rev="266">
<attrib name="value" value="15"/></item>
<item name="NumNodesOfType_Gnd_BOUNCEIN" rev="266">
<attrib name="value" value="533"/></item>
<item name="NumNodesOfType_Gnd_CNTRLPIN" rev="266">
<attrib name="value" value="1"/></item>
<item name="NumNodesOfType_Gnd_DOUBLE" rev="266">
<attrib name="value" value="15"/></item>
<item name="NumNodesOfType_Gnd_HGNDOUT" rev="266">
<attrib name="value" value="210"/></item>
<item name="NumNodesOfType_Gnd_INPUT" rev="266">
<attrib name="value" value="4007"/></item>
<item name="NumNodesOfType_Gnd_LUTINPUT" rev="266">
<attrib name="value" value="12"/></item>
<item name="NumNodesOfType_Gnd_OUTBOUND" rev="266">
<attrib name="value" value="18"/></item>
<item name="NumNodesOfType_Gnd_OUTPUT" rev="266">
<attrib name="value" value="21"/></item>
<item name="NumNodesOfType_Gnd_PINBOUNCE" rev="266">
<attrib name="value" value="1166"/></item>
<item name="NumNodesOfType_Gnd_PINFEED" rev="266">
<attrib name="value" value="3525"/></item>
<item name="NumNodesOfType_Gnd_QUAD" rev="266">
<attrib name="value" value="1"/></item>
<item name="NumNodesOfType_Gnd_REGINPUT" rev="266">
<attrib name="value" value="28"/></item>
<item name="NumNodesOfType_Gnd_SINGLE" rev="266">
<attrib name="value" value="18"/></item>
<item name="NumNodesOfType_Vcc_CLKPIN" rev="266">
<attrib name="value" value="1"/></item>
<item name="NumNodesOfType_Vcc_CNTRLPIN" rev="266">
<attrib name="value" value="2"/></item>
<item name="NumNodesOfType_Vcc_HVCCOUT" rev="266">
<attrib name="value" value="911"/></item>
<item name="NumNodesOfType_Vcc_INPUT" rev="266">
<attrib name="value" value="191"/></item>
<item name="NumNodesOfType_Vcc_KVCCOUT" rev="266">
<attrib name="value" value="27"/></item>
<item name="NumNodesOfType_Vcc_LUTINPUT" rev="266">
<attrib name="value" value="2560"/></item>
<item name="NumNodesOfType_Vcc_PINBOUNCE" rev="266">
<attrib name="value" value="26"/></item>
<item name="NumNodesOfType_Vcc_PINFEED" rev="266">
<attrib name="value" value="2739"/></item>
<item name="NumNodesOfType_Vcc_REGINPUT" rev="266">
<attrib name="value" value="11"/></item>
</group>
<group name="SiteStatistics">
<item name="BUFG-BUFGMUX" rev="266">
<attrib name="value" value="3"/></item>
<item name="IOB-IOBM" rev="266">
<attrib name="value" value="14"/></item>
<item name="IOB-IOBS" rev="266">
<attrib name="value" value="18"/></item>
<item name="SLICEL-SLICEM" rev="266">
<attrib name="value" value="492"/></item>
<item name="SLICEX-SLICEL" rev="266">
<attrib name="value" value="18"/></item>
<item name="SLICEX-SLICEM" rev="266">
<attrib name="value" value="23"/></item>
</group>
<group name="MiscellaneousStatistics">
<item name="AGG_BONDED_IO" rev="265">
<attrib name="value" value="32"/></item>
<item name="AGG_IO" rev="265">
<attrib name="value" value="32"/></item>
<item name="AGG_LOCED_IO" rev="265">
<attrib name="value" value="32"/></item>
<item name="AGG_SLICE" rev="265">
<attrib name="value" value="1687"/></item>
<item name="NUM_BONDED_IOB" rev="265">
<attrib name="value" value="32"/></item>
<item name="NUM_BSFULL" rev="265">
<attrib name="value" value="426"/></item>
<item name="NUM_BSLUTONLY" rev="265">
<attrib name="value" value="4337"/></item>
<item name="NUM_BSREGONLY" rev="265">
<attrib name="value" value="62"/></item>
<item name="NUM_BSUSED" rev="265">
<attrib name="value" value="4825"/></item>
<item name="NUM_BUFG" rev="265">
<attrib name="value" value="3"/></item>
<item name="NUM_DSP48A1" rev="265">
<attrib name="value" value="32"/></item>
<item name="NUM_IOB_LATCH" rev="265">
<attrib name="value" value="7"/></item>
<item name="NUM_LOCED_IOB" rev="265">
<attrib name="value" value="32"/></item>
<item name="NUM_LOGIC_O5ANDO6" rev="265">
<attrib name="value" value="2098"/></item>
<item name="NUM_LOGIC_O5ONLY" rev="265">
<attrib name="value" value="428"/></item>
<item name="NUM_LOGIC_O6ONLY" rev="265">
<attrib name="value" value="2184"/></item>
<item name="NUM_LUT_RT_DRIVES_CARRY4" rev="265">
<attrib name="value" value="40"/></item>
<item name="NUM_LUT_RT_DRIVES_FLOP" rev="265">
<attrib name="value" value="10"/></item>
<item name="NUM_LUT_RT_EXO5" rev="265">
<attrib name="value" value="5"/></item>
<item name="NUM_LUT_RT_EXO6" rev="265">
<attrib name="value" value="35"/></item>
<item name="NUM_LUT_RT_O5" rev="265">
<attrib name="value" value="19"/></item>
<item name="NUM_LUT_RT_O5ANDO6" rev="265">
<attrib name="value" value="10"/></item>
<item name="NUM_LUT_RT_O6" rev="265">
<attrib name="value" value="428"/></item>
<item name="NUM_OLOGIC2" rev="265">
<attrib name="value" value="7"/></item>
<item name="NUM_RAMB16BWER" rev="265">
<attrib name="value" value="16"/></item>
<item name="NUM_SLICEL" rev="265">
<attrib name="value" value="1035"/></item>
<item name="NUM_SLICEM" rev="265">
<attrib name="value" value="1"/></item>
<item name="NUM_SLICEX" rev="265">
<attrib name="value" value="651"/></item>
<item name="NUM_SLICE_CARRY4" rev="265">
<attrib name="value" value="1027"/></item>
<item name="NUM_SLICE_CONTROLSET" rev="265">
<attrib name="value" value="48"/></item>
<item name="NUM_SLICE_CYINIT" rev="265">
<attrib name="value" value="7689"/></item>
<item name="NUM_SLICE_F7MUX" rev="265">
<attrib name="value" value="21"/></item>
<item name="NUM_SLICE_FF" rev="265">
<attrib name="value" value="521"/></item>
<item name="NUM_SLICE_LATCHLOGIC" rev="265">
<attrib name="value" value="1"/></item>
<item name="NUM_SLICE_UNUSEDCTRL" rev="265">
<attrib name="value" value="1445"/></item>
<item name="NUM_SRL_O6ONLY" rev="265">
<attrib name="value" value="3"/></item>
<item name="NUM_UNUSABLE_FF_BELS" rev="265">
<attrib name="value" value="228"/></item>
<item name="Xilinx Core blk_mem_gen_v6_2, Xilinx CORE Generator 13.3" rev="265">
<attrib name="value" value="2"/></item>
</group>
</DesignStatistics>
<DeviceUsage TimeStamp="Wed May 01 20:33:33 2013"><group name="SiteSummary">
<item name="BUFG" rev="266">
<attrib name="total" value="1000000"/><attrib name="used" value="3"/></item>
<item name="BUFG_BUFG" rev="266">
<attrib name="total" value="1000000"/><attrib name="used" value="3"/></item>
<item name="CARRY4" rev="266">
<attrib name="total" value="1000000"/><attrib name="used" value="1027"/></item>
<item name="DSP48A1" rev="266">
<attrib name="total" value="1000000"/><attrib name="used" value="32"/></item>
<item name="DSP48A1_DSP48A1" rev="266">
<attrib name="total" value="1000000"/><attrib name="used" value="32"/></item>
<item name="FF_SR" rev="266">
<attrib name="total" value="1000000"/><attrib name="used" value="49"/></item>
<item name="HARD0" rev="266">
<attrib name="total" value="1000000"/><attrib name="used" value="60"/></item>
<item name="HARD1" rev="266">
<attrib name="total" value="1000000"/><attrib name="used" value="311"/></item>
<item name="IOB" rev="266">
<attrib name="total" value="1000000"/><attrib name="used" value="32"/></item>
<item name="IOB_IMUX" rev="266">
<attrib name="total" value="1000000"/><attrib name="used" value="11"/></item>
<item name="IOB_INBUF" rev="266">
<attrib name="total" value="1000000"/><attrib name="used" value="11"/></item>
<item name="IOB_OUTBUF" rev="266">
<attrib name="total" value="1000000"/><attrib name="used" value="21"/></item>
<item name="LUT5" rev="266">
<attrib name="total" value="1000000"/><attrib name="used" value="2560"/></item>
<item name="LUT6" rev="266">
<attrib name="total" value="1000000"/><attrib name="used" value="4754"/></item>
<item name="LUT_OR_MEM6" rev="266">
<attrib name="total" value="1000000"/><attrib name="used" value="4"/></item>
<item name="OLOGIC2" rev="266">
<attrib name="total" value="1000000"/><attrib name="used" value="7"/></item>
<item name="OLOGIC2_OUTFF" rev="266">
<attrib name="total" value="1000000"/><attrib name="used" value="7"/></item>
<item name="PAD" rev="266">
<attrib name="total" value="1000000"/><attrib name="used" value="32"/></item>
<item name="RAMB16BWER" rev="266">
<attrib name="total" value="1000000"/><attrib name="used" value="16"/></item>
<item name="RAMB16BWER_RAMB16BWER" rev="266">
<attrib name="total" value="1000000"/><attrib name="used" value="16"/></item>
<item name="REG_SR" rev="266">
<attrib name="total" value="1000000"/><attrib name="used" value="473"/></item>
<item name="SELMUX2_1" rev="266">
<attrib name="total" value="1000000"/><attrib name="used" value="21"/></item>
<item name="SLICEL" rev="266">
<attrib name="total" value="1000000"/><attrib name="used" value="1035"/></item>
<item name="SLICEM" rev="266">
<attrib name="total" value="1000000"/><attrib name="used" value="1"/></item>
<item name="SLICEX" rev="266">
<attrib name="total" value="1000000"/><attrib name="used" value="651"/></item>
</group>
</DeviceUsage>
<ReportConfigData TimeStamp="Wed May 01 20:33:33 2013"><group name="DSP48A1">
<item name="CEA" rev="266">
<attrib name="CEA_INV" value="0"/><attrib name="CEA" value="32"/></item>
<item name="CEB" rev="266">
<attrib name="CEB_INV" value="0"/><attrib name="CEB" value="32"/></item>
<item name="CEC" rev="266">
<attrib name="CEC" value="32"/><attrib name="CEC_INV" value="0"/></item>
<item name="CECARRYIN" rev="266">
<attrib name="CECARRYIN_INV" value="0"/><attrib name="CECARRYIN" value="32"/></item>
<item name="CED" rev="266">
<attrib name="CED_INV" value="0"/><attrib name="CED" value="32"/></item>
<item name="CEM" rev="266">
<attrib name="CEM_INV" value="0"/><attrib name="CEM" value="32"/></item>
<item name="CEOPMODE" rev="266">
<attrib name="CEOPMODE_INV" value="0"/><attrib name="CEOPMODE" value="32"/></item>
<item name="CEP" rev="266">
<attrib name="CEP" value="32"/><attrib name="CEP_INV" value="0"/></item>
<item name="CLK" rev="266">
<attrib name="CLK" value="32"/><attrib name="CLK_INV" value="0"/></item>
<item name="RSTA" rev="266">
<attrib name="RSTA" value="32"/><attrib name="RSTA_INV" value="0"/></item>
<item name="RSTB" rev="266">
<attrib name="RSTB" value="32"/><attrib name="RSTB_INV" value="0"/></item>
<item name="RSTC" rev="266">
<attrib name="RSTC_INV" value="0"/><attrib name="RSTC" value="32"/></item>
<item name="RSTCARRYIN" rev="266">
<attrib name="RSTCARRYIN_INV" value="0"/><attrib name="RSTCARRYIN" value="32"/></item>
<item name="RSTD" rev="266">
<attrib name="RSTD_INV" value="0"/><attrib name="RSTD" value="32"/></item>
<item name="RSTM" rev="266">
<attrib name="RSTM" value="32"/><attrib name="RSTM_INV" value="0"/></item>
<item name="RSTOPMODE" rev="266">
<attrib name="RSTOPMODE_INV" value="0"/><attrib name="RSTOPMODE" value="32"/></item>
<item name="RSTP" rev="266">
<attrib name="RSTP_INV" value="0"/><attrib name="RSTP" value="32"/></item>
</group>
<group name="REG_SR">
<item name="CK" rev="266">
<attrib name="CK" value="472"/><attrib name="CK_INV" value="1"/></item>
<item name="LATCH_OR_FF" rev="266">
<attrib name="FF" value="472"/><attrib name="AND2L" value="1"/></item>
<item name="SRINIT" rev="266">
<attrib name="SRINIT0" value="354"/><attrib name="SRINIT1" value="119"/></item>
<item name="SYNC_ATTR" rev="266">
<attrib name="ASYNC" value="274"/><attrib name="SYNC" value="199"/></item>
</group>
<group name="LUT_OR_MEM5">
<item name="LUT_OR_MEM" rev="260">
<attrib name="LUT" value="1"/></item>
</group>
<group name="LUT_OR_MEM6">
<item name="CLK" rev="266">
<attrib name="CLK" value="3"/><attrib name="CLK_INV" value="0"/></item>
<item name="LUT_OR_MEM" rev="266">
<attrib name="LUT" value="1"/><attrib name="RAM" value="3"/></item>
<item name="RAMMODE" rev="266">
<attrib name="SRL16" value="3"/></item>
</group>
<group name="DSP48A1_DSP48A1">
<item name="A0REG" rev="266">
<attrib name="0" value="32"/></item>
<item name="A1REG" rev="266">
<attrib name="0" value="32"/></item>
<item name="B0REG" rev="266">
<attrib name="0" value="32"/></item>
<item name="B1REG" rev="266">
<attrib name="0" value="32"/></item>
<item name="B_INPUT" rev="266">
<attrib name="DIRECT" value="32"/></item>
<item name="CARRYINREG" rev="266">
<attrib name="0" value="32"/></item>
<item name="CARRYINSEL" rev="266">
<attrib name="OPMODE5" value="32"/></item>
<item name="CARRYOUTREG" rev="266">
<attrib name="0" value="32"/></item>
<item name="CEA" rev="266">
<attrib name="CEA_INV" value="0"/><attrib name="CEA" value="32"/></item>
<item name="CEB" rev="266">
<attrib name="CEB_INV" value="0"/><attrib name="CEB" value="32"/></item>
<item name="CEC" rev="266">
<attrib name="CEC" value="32"/><attrib name="CEC_INV" value="0"/></item>
<item name="CECARRYIN" rev="266">
<attrib name="CECARRYIN_INV" value="0"/><attrib name="CECARRYIN" value="32"/></item>
<item name="CED" rev="266">
<attrib name="CED_INV" value="0"/><attrib name="CED" value="32"/></item>
<item name="CEM" rev="266">
<attrib name="CEM_INV" value="0"/><attrib name="CEM" value="32"/></item>
<item name="CEOPMODE" rev="266">
<attrib name="CEOPMODE_INV" value="0"/><attrib name="CEOPMODE" value="32"/></item>
<item name="CEP" rev="266">
<attrib name="CEP" value="32"/><attrib name="CEP_INV" value="0"/></item>
<item name="CLK" rev="266">
<attrib name="CLK" value="32"/><attrib name="CLK_INV" value="0"/></item>
<item name="CREG" rev="266">
<attrib name="0" value="32"/></item>
<item name="DREG" rev="266">
<attrib name="1" value="32"/></item>
<item name="MREG" rev="266">
<attrib name="0" value="32"/></item>
<item name="OPMODEREG" rev="266">
<attrib name="0" value="32"/></item>
<item name="PREG" rev="266">
<attrib name="0" value="32"/></item>
<item name="RSTA" rev="266">
<attrib name="RSTA" value="32"/><attrib name="RSTA_INV" value="0"/></item>
<item name="RSTB" rev="266">
<attrib name="RSTB" value="32"/><attrib name="RSTB_INV" value="0"/></item>
<item name="RSTC" rev="266">
<attrib name="RSTC_INV" value="0"/><attrib name="RSTC" value="32"/></item>
<item name="RSTCARRYIN" rev="266">
<attrib name="RSTCARRYIN_INV" value="0"/><attrib name="RSTCARRYIN" value="32"/></item>
<item name="RSTD" rev="266">
<attrib name="RSTD_INV" value="0"/><attrib name="RSTD" value="32"/></item>
<item name="RSTM" rev="266">
<attrib name="RSTM" value="32"/><attrib name="RSTM_INV" value="0"/></item>
<item name="RSTOPMODE" rev="266">
<attrib name="RSTOPMODE_INV" value="0"/><attrib name="RSTOPMODE" value="32"/></item>
<item name="RSTP" rev="266">
<attrib name="RSTP_INV" value="0"/><attrib name="RSTP" value="32"/></item>
<item name="RSTTYPE" rev="266">
<attrib name="SYNC" value="32"/></item>
</group>
<group name="SLICEL">
<item name="CLK" rev="266">
<attrib name="CLK" value="94"/><attrib name="CLK_INV" value="1"/></item>
</group>
<group name="SLICEM">
<item name="CLK" rev="266">
<attrib name="CLK" value="1"/><attrib name="CLK_INV" value="0"/></item>
</group>
<group name="IOB_OUTBUF">
<item name="DRIVEATTRBOX" rev="266">
<attrib name="12" value="21"/></item>
<item name="SLEW" rev="266">
<attrib name="SLOW" value="21"/></item>
<item name="SUSPEND" rev="266">
<attrib name="3STATE" value="21"/></item>
</group>
<group name="SLICEX">
<item name="CLK" rev="266">
<attrib name="CLK" value="146"/><attrib name="CLK_INV" value="0"/></item>
</group>
<group name="OLOGIC2">
<item name="CLK0" rev="266">
<attrib name="CLK0_INV" value="7"/><attrib name="CLK0" value="0"/></item>
</group>
<group name="RAMB16BWER">
<item name="CLKA" rev="266">
<attrib name="CLKA_INV" value="0"/><attrib name="CLKA" value="16"/></item>
<item name="CLKB" rev="266">
<attrib name="CLKB_INV" value="0"/><attrib name="CLKB" value="16"/></item>
<item name="ENA" rev="266">
<attrib name="ENA_INV" value="12"/><attrib name="ENA" value="4"/></item>
<item name="ENB" rev="266">
<attrib name="ENB_INV" value="0"/><attrib name="ENB" value="16"/></item>
<item name="REGCEA" rev="266">
<attrib name="REGCEA_INV" value="0"/><attrib name="REGCEA" value="16"/></item>
<item name="REGCEB" rev="266">
<attrib name="REGCEB_INV" value="0"/><attrib name="REGCEB" value="16"/></item>
<item name="RSTA" rev="266">
<attrib name="RSTA" value="16"/><attrib name="RSTA_INV" value="0"/></item>
<item name="RSTB" rev="266">
<attrib name="RSTB" value="16"/><attrib name="RSTB_INV" value="0"/></item>
<item name="WEA0" rev="266">
<attrib name="WEA0" value="16"/><attrib name="WEA0_INV" value="0"/></item>
<item name="WEA1" rev="266">
<attrib name="WEA1" value="16"/><attrib name="WEA1_INV" value="0"/></item>
<item name="WEA2" rev="266">
<attrib name="WEA2" value="16"/><attrib name="WEA2_INV" value="0"/></item>
<item name="WEA3" rev="266">
<attrib name="WEA3_INV" value="0"/><attrib name="WEA3" value="16"/></item>
<item name="WEB0" rev="266">
<attrib name="WEB0" value="16"/><attrib name="WEB0_INV" value="0"/></item>
<item name="WEB1" rev="266">
<attrib name="WEB1" value="16"/><attrib name="WEB1_INV" value="0"/></item>
<item name="WEB2" rev="266">
<attrib name="WEB2_INV" value="0"/><attrib name="WEB2" value="16"/></item>
<item name="WEB3" rev="266">
<attrib name="WEB3" value="16"/><attrib name="WEB3_INV" value="0"/></item>
</group>
<group name="OLOGIC2_OUTFF">
<item name="CK0" rev="266">
<attrib name="CK0_INV" value="7"/><attrib name="CK0" value="0"/></item>
<item name="OUTFFTYPE" rev="266">
<attrib name="LATCH" value="7"/></item>
<item name="SRINIT_OQ" rev="266">
<attrib name="0" value="7"/></item>
</group>
<group name="RAMB16BWER_RAMB16BWER">
<item name="CLKA" rev="266">
<attrib name="CLKA_INV" value="0"/><attrib name="CLKA" value="16"/></item>
<item name="CLKB" rev="266">
<attrib name="CLKB_INV" value="0"/><attrib name="CLKB" value="16"/></item>
<item name="DATA_WIDTH_A" rev="266">
<attrib name="1" value="8"/><attrib name="2" value="4"/><attrib name="4" value="2"/><attrib name="9" value="2"/></item>
<item name="DATA_WIDTH_B" rev="266">
<attrib name="1" value="8"/><attrib name="2" value="4"/><attrib name="4" value="2"/><attrib name="9" value="2"/></item>
<item name="DOA_REG" rev="266">
<attrib name="0" value="16"/></item>
<item name="DOB_REG" rev="266">
<attrib name="0" value="16"/></item>
<item name="ENA" rev="266">
<attrib name="ENA_INV" value="12"/><attrib name="ENA" value="4"/></item>
<item name="ENB" rev="266">
<attrib name="ENB_INV" value="0"/><attrib name="ENB" value="16"/></item>
<item name="EN_RSTRAM_A" rev="266">
<attrib name="FALSE" value="16"/></item>
<item name="EN_RSTRAM_B" rev="266">
<attrib name="FALSE" value="16"/></item>
<item name="RAM_MODE" rev="266">
<attrib name="TDP" value="16"/></item>
<item name="REGCEA" rev="266">
<attrib name="REGCEA_INV" value="0"/><attrib name="REGCEA" value="16"/></item>
<item name="REGCEB" rev="266">
<attrib name="REGCEB_INV" value="0"/><attrib name="REGCEB" value="16"/></item>
<item name="RSTA" rev="266">
<attrib name="RSTA" value="16"/><attrib name="RSTA_INV" value="0"/></item>
<item name="RSTB" rev="266">
<attrib name="RSTB" value="16"/><attrib name="RSTB_INV" value="0"/></item>
<item name="RSTTYPE" rev="266">
<attrib name="SYNC" value="16"/></item>
<item name="RST_PRIORITY_A" rev="266">
<attrib name="CE" value="16"/></item>
<item name="RST_PRIORITY_B" rev="266">
<attrib name="CE" value="16"/></item>
<item name="WEA0" rev="266">
<attrib name="WEA0" value="16"/><attrib name="WEA0_INV" value="0"/></item>
<item name="WEA1" rev="266">
<attrib name="WEA1" value="16"/><attrib name="WEA1_INV" value="0"/></item>
<item name="WEA2" rev="266">
<attrib name="WEA2" value="16"/><attrib name="WEA2_INV" value="0"/></item>
<item name="WEA3" rev="266">
<attrib name="WEA3_INV" value="0"/><attrib name="WEA3" value="16"/></item>
<item name="WEB0" rev="266">
<attrib name="WEB0" value="16"/><attrib name="WEB0_INV" value="0"/></item>
<item name="WEB1" rev="266">
<attrib name="WEB1" value="16"/><attrib name="WEB1_INV" value="0"/></item>
<item name="WEB2" rev="266">
<attrib name="WEB2_INV" value="0"/><attrib name="WEB2" value="16"/></item>
<item name="WEB3" rev="266">
<attrib name="WEB3" value="16"/><attrib name="WEB3_INV" value="0"/></item>
<item name="WRITE_MODE_A" rev="266">
<attrib name="WRITE_FIRST" value="16"/></item>
<item name="WRITE_MODE_B" rev="266">
<attrib name="WRITE_FIRST" value="16"/></item>
</group>
<group name="FF_SR">
<item name="CK" rev="266">
<attrib name="CK" value="49"/><attrib name="CK_INV" value="0"/></item>
<item name="SRINIT" rev="266">
<attrib name="SRINIT0" value="44"/><attrib name="SRINIT1" value="5"/></item>
<item name="SYNC_ATTR" rev="266">
<attrib name="ASYNC" value="32"/><attrib name="SYNC" value="17"/></item>
</group>
</ReportConfigData>
<ReportPinData TimeStamp="Wed May 01 20:33:33 2013"><group name="DSP48A1">
<item name="A0" rev="266">
<attrib name="value" value="32"/></item>
<item name="A1" rev="266">
<attrib name="value" value="32"/></item>
<item name="A10" rev="266">
<attrib name="value" value="32"/></item>
<item name="A11" rev="266">
<attrib name="value" value="32"/></item>
<item name="A12" rev="266">
<attrib name="value" value="32"/></item>
<item name="A13" rev="266">
<attrib name="value" value="32"/></item>
<item name="A14" rev="266">
<attrib name="value" value="32"/></item>
<item name="A15" rev="266">
<attrib name="value" value="32"/></item>
<item name="A16" rev="266">
<attrib name="value" value="32"/></item>
<item name="A17" rev="266">
<attrib name="value" value="32"/></item>
<item name="A2" rev="266">
<attrib name="value" value="32"/></item>
<item name="A3" rev="266">
<attrib name="value" value="32"/></item>
<item name="A4" rev="266">
<attrib name="value" value="32"/></item>
<item name="A5" rev="266">
<attrib name="value" value="32"/></item>
<item name="A6" rev="266">
<attrib name="value" value="32"/></item>
<item name="A7" rev="266">
<attrib name="value" value="32"/></item>
<item name="A8" rev="266">
<attrib name="value" value="32"/></item>
<item name="A9" rev="266">
<attrib name="value" value="32"/></item>
<item name="B0" rev="266">
<attrib name="value" value="32"/></item>
<item name="B1" rev="266">
<attrib name="value" value="32"/></item>
<item name="B10" rev="266">
<attrib name="value" value="32"/></item>
<item name="B11" rev="266">
<attrib name="value" value="32"/></item>
<item name="B12" rev="266">
<attrib name="value" value="32"/></item>
<item name="B13" rev="266">
<attrib name="value" value="32"/></item>
<item name="B14" rev="266">
<attrib name="value" value="32"/></item>
<item name="B15" rev="266">
<attrib name="value" value="32"/></item>
<item name="B16" rev="266">
<attrib name="value" value="32"/></item>
<item name="B17" rev="266">
<attrib name="value" value="32"/></item>
<item name="B2" rev="266">
<attrib name="value" value="32"/></item>
<item name="B3" rev="266">
<attrib name="value" value="32"/></item>
<item name="B4" rev="266">
<attrib name="value" value="32"/></item>
<item name="B5" rev="266">
<attrib name="value" value="32"/></item>
<item name="B6" rev="266">
<attrib name="value" value="32"/></item>
<item name="B7" rev="266">
<attrib name="value" value="32"/></item>
<item name="B8" rev="266">
<attrib name="value" value="32"/></item>
<item name="B9" rev="266">
<attrib name="value" value="32"/></item>
<item name="C0" rev="266">
<attrib name="value" value="32"/></item>
<item name="C1" rev="266">
<attrib name="value" value="32"/></item>
<item name="C10" rev="266">
<attrib name="value" value="32"/></item>
<item name="C11" rev="266">
<attrib name="value" value="32"/></item>
<item name="C12" rev="266">
<attrib name="value" value="32"/></item>
<item name="C13" rev="266">
<attrib name="value" value="32"/></item>
<item name="C14" rev="266">
<attrib name="value" value="32"/></item>
<item name="C15" rev="266">
<attrib name="value" value="32"/></item>
<item name="C16" rev="266">
<attrib name="value" value="32"/></item>
<item name="C17" rev="266">
<attrib name="value" value="32"/></item>
<item name="C18" rev="266">
<attrib name="value" value="32"/></item>
<item name="C19" rev="266">
<attrib name="value" value="32"/></item>
<item name="C2" rev="266">
<attrib name="value" value="32"/></item>
<item name="C20" rev="266">
<attrib name="value" value="32"/></item>
<item name="C21" rev="266">
<attrib name="value" value="32"/></item>
<item name="C22" rev="266">
<attrib name="value" value="32"/></item>
<item name="C23" rev="266">
<attrib name="value" value="32"/></item>
<item name="C24" rev="266">
<attrib name="value" value="32"/></item>
<item name="C25" rev="266">
<attrib name="value" value="32"/></item>
<item name="C26" rev="266">
<attrib name="value" value="32"/></item>
<item name="C27" rev="266">
<attrib name="value" value="32"/></item>
<item name="C28" rev="266">
<attrib name="value" value="32"/></item>
<item name="C29" rev="266">
<attrib name="value" value="32"/></item>
<item name="C3" rev="266">
<attrib name="value" value="32"/></item>
<item name="C30" rev="266">
<attrib name="value" value="32"/></item>
<item name="C31" rev="266">
<attrib name="value" value="32"/></item>
<item name="C32" rev="266">
<attrib name="value" value="32"/></item>
<item name="C33" rev="266">
<attrib name="value" value="32"/></item>
<item name="C34" rev="266">
<attrib name="value" value="32"/></item>
<item name="C35" rev="266">
<attrib name="value" value="32"/></item>
<item name="C36" rev="266">
<attrib name="value" value="32"/></item>
<item name="C37" rev="266">
<attrib name="value" value="32"/></item>
<item name="C38" rev="266">
<attrib name="value" value="32"/></item>
<item name="C39" rev="266">
<attrib name="value" value="32"/></item>
<item name="C4" rev="266">
<attrib name="value" value="32"/></item>
<item name="C40" rev="266">
<attrib name="value" value="32"/></item>
<item name="C41" rev="266">
<attrib name="value" value="32"/></item>
<item name="C42" rev="266">
<attrib name="value" value="32"/></item>
<item name="C43" rev="266">
<attrib name="value" value="32"/></item>
<item name="C44" rev="266">
<attrib name="value" value="32"/></item>
<item name="C45" rev="266">
<attrib name="value" value="32"/></item>
<item name="C46" rev="266">
<attrib name="value" value="32"/></item>
<item name="C47" rev="266">
<attrib name="value" value="32"/></item>
<item name="C5" rev="266">
<attrib name="value" value="32"/></item>
<item name="C6" rev="266">
<attrib name="value" value="32"/></item>
<item name="C7" rev="266">
<attrib name="value" value="32"/></item>
<item name="C8" rev="266">
<attrib name="value" value="32"/></item>
<item name="C9" rev="266">
<attrib name="value" value="32"/></item>
<item name="CEA" rev="266">
<attrib name="value" value="32"/></item>
<item name="CEB" rev="266">
<attrib name="value" value="32"/></item>
<item name="CEC" rev="266">
<attrib name="value" value="32"/></item>
<item name="CECARRYIN" rev="266">
<attrib name="value" value="32"/></item>
<item name="CED" rev="266">
<attrib name="value" value="32"/></item>
<item name="CEM" rev="266">
<attrib name="value" value="32"/></item>
<item name="CEOPMODE" rev="266">
<attrib name="value" value="32"/></item>
<item name="CEP" rev="266">
<attrib name="value" value="32"/></item>
<item name="CLK" rev="266">
<attrib name="value" value="32"/></item>
<item name="D0" rev="266">
<attrib name="value" value="32"/></item>
<item name="D1" rev="266">
<attrib name="value" value="32"/></item>
<item name="D10" rev="266">
<attrib name="value" value="32"/></item>
<item name="D11" rev="266">
<attrib name="value" value="32"/></item>
<item name="D12" rev="266">
<attrib name="value" value="32"/></item>
<item name="D13" rev="266">
<attrib name="value" value="32"/></item>
<item name="D14" rev="266">
<attrib name="value" value="32"/></item>
<item name="D15" rev="266">
<attrib name="value" value="32"/></item>
<item name="D16" rev="266">
<attrib name="value" value="32"/></item>
<item name="D17" rev="266">
<attrib name="value" value="32"/></item>
<item name="D2" rev="266">
<attrib name="value" value="32"/></item>
<item name="D3" rev="266">
<attrib name="value" value="32"/></item>
<item name="D4" rev="266">
<attrib name="value" value="32"/></item>
<item name="D5" rev="266">
<attrib name="value" value="32"/></item>
<item name="D6" rev="266">
<attrib name="value" value="32"/></item>
<item name="D7" rev="266">
<attrib name="value" value="32"/></item>
<item name="D8" rev="266">
<attrib name="value" value="32"/></item>
<item name="D9" rev="266">
<attrib name="value" value="32"/></item>
<item name="OPMODE0" rev="266">
<attrib name="value" value="32"/></item>
<item name="OPMODE1" rev="266">
<attrib name="value" value="32"/></item>
<item name="OPMODE2" rev="266">
<attrib name="value" value="32"/></item>
<item name="OPMODE3" rev="266">
<attrib name="value" value="32"/></item>
<item name="OPMODE4" rev="266">
<attrib name="value" value="32"/></item>
<item name="OPMODE5" rev="266">
<attrib name="value" value="32"/></item>
<item name="OPMODE6" rev="266">
<attrib name="value" value="32"/></item>
<item name="OPMODE7" rev="266">
<attrib name="value" value="32"/></item>
<item name="P0" rev="266">
<attrib name="value" value="16"/></item>
<item name="P1" rev="266">
<attrib name="value" value="16"/></item>
<item name="P10" rev="266">
<attrib name="value" value="16"/></item>
<item name="P11" rev="266">
<attrib name="value" value="16"/></item>
<item name="P12" rev="266">
<attrib name="value" value="16"/></item>
<item name="P13" rev="266">
<attrib name="value" value="16"/></item>
<item name="P14" rev="266">
<attrib name="value" value="16"/></item>
<item name="P15" rev="266">
<attrib name="value" value="16"/></item>
<item name="P16" rev="266">
<attrib name="value" value="16"/></item>
<item name="P17" rev="266">
<attrib name="value" value="16"/></item>
<item name="P18" rev="266">
<attrib name="value" value="16"/></item>
<item name="P19" rev="266">
<attrib name="value" value="16"/></item>
<item name="P2" rev="266">
<attrib name="value" value="16"/></item>
<item name="P20" rev="266">
<attrib name="value" value="16"/></item>
<item name="P21" rev="266">
<attrib name="value" value="16"/></item>
<item name="P22" rev="266">
<attrib name="value" value="16"/></item>
<item name="P23" rev="266">
<attrib name="value" value="16"/></item>
<item name="P24" rev="266">
<attrib name="value" value="16"/></item>
<item name="P25" rev="266">
<attrib name="value" value="16"/></item>
<item name="P26" rev="266">
<attrib name="value" value="16"/></item>
<item name="P3" rev="266">
<attrib name="value" value="16"/></item>
<item name="P4" rev="266">
<attrib name="value" value="16"/></item>
<item name="P5" rev="266">
<attrib name="value" value="16"/></item>
<item name="P6" rev="266">
<attrib name="value" value="16"/></item>
<item name="P7" rev="266">
<attrib name="value" value="16"/></item>
<item name="P8" rev="266">
<attrib name="value" value="16"/></item>
<item name="P9" rev="266">
<attrib name="value" value="16"/></item>
<item name="PCIN0" rev="266">
<attrib name="value" value="16"/></item>
<item name="PCIN1" rev="266">
<attrib name="value" value="16"/></item>
<item name="PCIN10" rev="266">
<attrib name="value" value="16"/></item>
<item name="PCIN11" rev="266">
<attrib name="value" value="16"/></item>
<item name="PCIN12" rev="266">
<attrib name="value" value="16"/></item>
<item name="PCIN13" rev="266">
<attrib name="value" value="16"/></item>
<item name="PCIN14" rev="266">
<attrib name="value" value="16"/></item>
<item name="PCIN15" rev="266">
<attrib name="value" value="16"/></item>
<item name="PCIN16" rev="266">
<attrib name="value" value="16"/></item>
<item name="PCIN17" rev="266">
<attrib name="value" value="16"/></item>
<item name="PCIN18" rev="266">
<attrib name="value" value="16"/></item>
<item name="PCIN19" rev="266">
<attrib name="value" value="16"/></item>
<item name="PCIN2" rev="266">
<attrib name="value" value="16"/></item>
<item name="PCIN20" rev="266">
<attrib name="value" value="16"/></item>
<item name="PCIN21" rev="266">
<attrib name="value" value="16"/></item>
<item name="PCIN22" rev="266">
<attrib name="value" value="16"/></item>
<item name="PCIN23" rev="266">
<attrib name="value" value="16"/></item>
<item name="PCIN24" rev="266">
<attrib name="value" value="16"/></item>
<item name="PCIN25" rev="266">
<attrib name="value" value="16"/></item>
<item name="PCIN26" rev="266">
<attrib name="value" value="16"/></item>
<item name="PCIN27" rev="266">
<attrib name="value" value="16"/></item>
<item name="PCIN28" rev="266">
<attrib name="value" value="16"/></item>
<item name="PCIN29" rev="266">
<attrib name="value" value="16"/></item>
<item name="PCIN3" rev="266">
<attrib name="value" value="16"/></item>
<item name="PCIN30" rev="266">
<attrib name="value" value="16"/></item>
<item name="PCIN31" rev="266">
<attrib name="value" value="16"/></item>
<item name="PCIN32" rev="266">
<attrib name="value" value="16"/></item>
<item name="PCIN33" rev="266">
<attrib name="value" value="16"/></item>
<item name="PCIN34" rev="266">
<attrib name="value" value="16"/></item>
<item name="PCIN35" rev="266">
<attrib name="value" value="16"/></item>
<item name="PCIN36" rev="266">
<attrib name="value" value="16"/></item>
<item name="PCIN37" rev="266">
<attrib name="value" value="16"/></item>
<item name="PCIN38" rev="266">
<attrib name="value" value="16"/></item>
<item name="PCIN39" rev="266">
<attrib name="value" value="16"/></item>
<item name="PCIN4" rev="266">
<attrib name="value" value="16"/></item>
<item name="PCIN40" rev="266">
<attrib name="value" value="16"/></item>
<item name="PCIN41" rev="266">
<attrib name="value" value="16"/></item>
<item name="PCIN42" rev="266">
<attrib name="value" value="16"/></item>
<item name="PCIN43" rev="266">
<attrib name="value" value="16"/></item>
<item name="PCIN44" rev="266">
<attrib name="value" value="16"/></item>
<item name="PCIN45" rev="266">
<attrib name="value" value="16"/></item>
<item name="PCIN46" rev="266">
<attrib name="value" value="16"/></item>
<item name="PCIN47" rev="266">
<attrib name="value" value="16"/></item>
<item name="PCIN5" rev="266">
<attrib name="value" value="16"/></item>
<item name="PCIN6" rev="266">
<attrib name="value" value="16"/></item>
<item name="PCIN7" rev="266">
<attrib name="value" value="16"/></item>
<item name="PCIN8" rev="266">
<attrib name="value" value="16"/></item>
<item name="PCIN9" rev="266">
<attrib name="value" value="16"/></item>
<item name="PCOUT0" rev="266">
<attrib name="value" value="16"/></item>
<item name="PCOUT1" rev="266">
<attrib name="value" value="16"/></item>
<item name="PCOUT10" rev="266">
<attrib name="value" value="16"/></item>
<item name="PCOUT11" rev="266">
<attrib name="value" value="16"/></item>
<item name="PCOUT12" rev="266">
<attrib name="value" value="16"/></item>
<item name="PCOUT13" rev="266">
<attrib name="value" value="16"/></item>
<item name="PCOUT14" rev="266">
<attrib name="value" value="16"/></item>
<item name="PCOUT15" rev="266">
<attrib name="value" value="16"/></item>
<item name="PCOUT16" rev="266">
<attrib name="value" value="16"/></item>
<item name="PCOUT17" rev="266">
<attrib name="value" value="16"/></item>
<item name="PCOUT18" rev="266">
<attrib name="value" value="16"/></item>
<item name="PCOUT19" rev="266">
<attrib name="value" value="16"/></item>
<item name="PCOUT2" rev="266">
<attrib name="value" value="16"/></item>
<item name="PCOUT20" rev="266">
<attrib name="value" value="16"/></item>
<item name="PCOUT21" rev="266">
<attrib name="value" value="16"/></item>
<item name="PCOUT22" rev="266">
<attrib name="value" value="16"/></item>
<item name="PCOUT23" rev="266">
<attrib name="value" value="16"/></item>
<item name="PCOUT24" rev="266">
<attrib name="value" value="16"/></item>
<item name="PCOUT25" rev="266">
<attrib name="value" value="16"/></item>
<item name="PCOUT26" rev="266">
<attrib name="value" value="16"/></item>
<item name="PCOUT27" rev="266">
<attrib name="value" value="16"/></item>
<item name="PCOUT28" rev="266">
<attrib name="value" value="16"/></item>
<item name="PCOUT29" rev="266">
<attrib name="value" value="16"/></item>
<item name="PCOUT3" rev="266">
<attrib name="value" value="16"/></item>
<item name="PCOUT30" rev="266">
<attrib name="value" value="16"/></item>
<item name="PCOUT31" rev="266">
<attrib name="value" value="16"/></item>
<item name="PCOUT32" rev="266">
<attrib name="value" value="16"/></item>
<item name="PCOUT33" rev="266">
<attrib name="value" value="16"/></item>
<item name="PCOUT34" rev="266">
<attrib name="value" value="16"/></item>
<item name="PCOUT35" rev="266">
<attrib name="value" value="16"/></item>
<item name="PCOUT36" rev="266">
<attrib name="value" value="16"/></item>
<item name="PCOUT37" rev="266">
<attrib name="value" value="16"/></item>
<item name="PCOUT38" rev="266">
<attrib name="value" value="16"/></item>
<item name="PCOUT39" rev="266">
<attrib name="value" value="16"/></item>
<item name="PCOUT4" rev="266">
<attrib name="value" value="16"/></item>
<item name="PCOUT40" rev="266">
<attrib name="value" value="16"/></item>
<item name="PCOUT41" rev="266">
<attrib name="value" value="16"/></item>
<item name="PCOUT42" rev="266">
<attrib name="value" value="16"/></item>
<item name="PCOUT43" rev="266">
<attrib name="value" value="16"/></item>
<item name="PCOUT44" rev="266">
<attrib name="value" value="16"/></item>
<item name="PCOUT45" rev="266">
<attrib name="value" value="16"/></item>
<item name="PCOUT46" rev="266">
<attrib name="value" value="16"/></item>
<item name="PCOUT47" rev="266">
<attrib name="value" value="16"/></item>
<item name="PCOUT5" rev="266">
<attrib name="value" value="16"/></item>
<item name="PCOUT6" rev="266">
<attrib name="value" value="16"/></item>
<item name="PCOUT7" rev="266">
<attrib name="value" value="16"/></item>
<item name="PCOUT8" rev="266">
<attrib name="value" value="16"/></item>
<item name="PCOUT9" rev="266">
<attrib name="value" value="16"/></item>
<item name="RSTA" rev="266">
<attrib name="value" value="32"/></item>
<item name="RSTB" rev="266">
<attrib name="value" value="32"/></item>
<item name="RSTC" rev="266">
<attrib name="value" value="32"/></item>
<item name="RSTCARRYIN" rev="266">
<attrib name="value" value="32"/></item>
<item name="RSTD" rev="266">
<attrib name="value" value="32"/></item>
<item name="RSTM" rev="266">
<attrib name="value" value="32"/></item>
<item name="RSTOPMODE" rev="266">
<attrib name="value" value="32"/></item>
<item name="RSTP" rev="266">
<attrib name="value" value="32"/></item>
</group>
<group name="REG_SR">
<item name="CE" rev="266">
<attrib name="value" value="334"/></item>
<item name="CK" rev="266">
<attrib name="value" value="473"/></item>
<item name="D" rev="266">
<attrib name="value" value="473"/></item>
<item name="Q" rev="266">
<attrib name="value" value="473"/></item>
<item name="SR" rev="266">
<attrib name="value" value="200"/></item>
</group>
<group name="LUT_OR_MEM5">
<item name="O5" rev="260">
<attrib name="value" value="1"/></item>
</group>
<group name="LUT_OR_MEM6">
<item name="A1" rev="266">
<attrib name="value" value="3"/></item>
<item name="A2" rev="266">
<attrib name="value" value="3"/></item>
<item name="A3" rev="266">
<attrib name="value" value="3"/></item>
<item name="A4" rev="266">
<attrib name="value" value="3"/></item>
<item name="A5" rev="266">
<attrib name="value" value="3"/></item>
<item name="A6" rev="266">
<attrib name="value" value="3"/></item>
<item name="CLK" rev="266">
<attrib name="value" value="3"/></item>
<item name="DI2" rev="266">
<attrib name="value" value="3"/></item>
<item name="O6" rev="266">
<attrib name="value" value="4"/></item>
<item name="WE" rev="266">
<attrib name="value" value="3"/></item>
</group>
<group name="DSP48A1_DSP48A1">
<item name="A0" rev="266">
<attrib name="value" value="32"/></item>
<item name="A1" rev="266">
<attrib name="value" value="32"/></item>
<item name="A10" rev="266">
<attrib name="value" value="32"/></item>
<item name="A11" rev="266">
<attrib name="value" value="32"/></item>
<item name="A12" rev="266">
<attrib name="value" value="32"/></item>
<item name="A13" rev="266">
<attrib name="value" value="32"/></item>
<item name="A14" rev="266">
<attrib name="value" value="32"/></item>
<item name="A15" rev="266">
<attrib name="value" value="32"/></item>
<item name="A16" rev="266">
<attrib name="value" value="32"/></item>
<item name="A17" rev="266">
<attrib name="value" value="32"/></item>
<item name="A2" rev="266">
<attrib name="value" value="32"/></item>
<item name="A3" rev="266">
<attrib name="value" value="32"/></item>
<item name="A4" rev="266">
<attrib name="value" value="32"/></item>
<item name="A5" rev="266">
<attrib name="value" value="32"/></item>
<item name="A6" rev="266">
<attrib name="value" value="32"/></item>
<item name="A7" rev="266">
<attrib name="value" value="32"/></item>
<item name="A8" rev="266">
<attrib name="value" value="32"/></item>
<item name="A9" rev="266">
<attrib name="value" value="32"/></item>
<item name="B0" rev="266">
<attrib name="value" value="32"/></item>
<item name="B1" rev="266">
<attrib name="value" value="32"/></item>
<item name="B10" rev="266">
<attrib name="value" value="32"/></item>
<item name="B11" rev="266">
<attrib name="value" value="32"/></item>
<item name="B12" rev="266">
<attrib name="value" value="32"/></item>
<item name="B13" rev="266">
<attrib name="value" value="32"/></item>
<item name="B14" rev="266">
<attrib name="value" value="32"/></item>
<item name="B15" rev="266">
<attrib name="value" value="32"/></item>
<item name="B16" rev="266">
<attrib name="value" value="32"/></item>
<item name="B17" rev="266">
<attrib name="value" value="32"/></item>
<item name="B2" rev="266">
<attrib name="value" value="32"/></item>
<item name="B3" rev="266">
<attrib name="value" value="32"/></item>
<item name="B4" rev="266">
<attrib name="value" value="32"/></item>
<item name="B5" rev="266">
<attrib name="value" value="32"/></item>
<item name="B6" rev="266">
<attrib name="value" value="32"/></item>
<item name="B7" rev="266">
<attrib name="value" value="32"/></item>
<item name="B8" rev="266">
<attrib name="value" value="32"/></item>
<item name="B9" rev="266">
<attrib name="value" value="32"/></item>
<item name="C0" rev="266">
<attrib name="value" value="32"/></item>
<item name="C1" rev="266">
<attrib name="value" value="32"/></item>
<item name="C10" rev="266">
<attrib name="value" value="32"/></item>
<item name="C11" rev="266">
<attrib name="value" value="32"/></item>
<item name="C12" rev="266">
<attrib name="value" value="32"/></item>
<item name="C13" rev="266">
<attrib name="value" value="32"/></item>
<item name="C14" rev="266">
<attrib name="value" value="32"/></item>
<item name="C15" rev="266">
<attrib name="value" value="32"/></item>
<item name="C16" rev="266">
<attrib name="value" value="32"/></item>
<item name="C17" rev="266">
<attrib name="value" value="32"/></item>
<item name="C18" rev="266">
<attrib name="value" value="32"/></item>
<item name="C19" rev="266">
<attrib name="value" value="32"/></item>
<item name="C2" rev="266">
<attrib name="value" value="32"/></item>
<item name="C20" rev="266">
<attrib name="value" value="32"/></item>
<item name="C21" rev="266">
<attrib name="value" value="32"/></item>
<item name="C22" rev="266">
<attrib name="value" value="32"/></item>
<item name="C23" rev="266">
<attrib name="value" value="32"/></item>
<item name="C24" rev="266">
<attrib name="value" value="32"/></item>
<item name="C25" rev="266">
<attrib name="value" value="32"/></item>
<item name="C26" rev="266">
<attrib name="value" value="32"/></item>
<item name="C27" rev="266">
<attrib name="value" value="32"/></item>
<item name="C28" rev="266">
<attrib name="value" value="32"/></item>
<item name="C29" rev="266">
<attrib name="value" value="32"/></item>
<item name="C3" rev="266">
<attrib name="value" value="32"/></item>
<item name="C30" rev="266">
<attrib name="value" value="32"/></item>
<item name="C31" rev="266">
<attrib name="value" value="32"/></item>
<item name="C32" rev="266">
<attrib name="value" value="32"/></item>
<item name="C33" rev="266">
<attrib name="value" value="32"/></item>
<item name="C34" rev="266">
<attrib name="value" value="32"/></item>
<item name="C35" rev="266">
<attrib name="value" value="32"/></item>
<item name="C36" rev="266">
<attrib name="value" value="32"/></item>
<item name="C37" rev="266">
<attrib name="value" value="32"/></item>
<item name="C38" rev="266">
<attrib name="value" value="32"/></item>
<item name="C39" rev="266">
<attrib name="value" value="32"/></item>
<item name="C4" rev="266">
<attrib name="value" value="32"/></item>
<item name="C40" rev="266">
<attrib name="value" value="32"/></item>
<item name="C41" rev="266">
<attrib name="value" value="32"/></item>
<item name="C42" rev="266">
<attrib name="value" value="32"/></item>
<item name="C43" rev="266">
<attrib name="value" value="32"/></item>
<item name="C44" rev="266">
<attrib name="value" value="32"/></item>
<item name="C45" rev="266">
<attrib name="value" value="32"/></item>
<item name="C46" rev="266">
<attrib name="value" value="32"/></item>
<item name="C47" rev="266">
<attrib name="value" value="32"/></item>
<item name="C5" rev="266">
<attrib name="value" value="32"/></item>
<item name="C6" rev="266">
<attrib name="value" value="32"/></item>
<item name="C7" rev="266">
<attrib name="value" value="32"/></item>
<item name="C8" rev="266">
<attrib name="value" value="32"/></item>
<item name="C9" rev="266">
<attrib name="value" value="32"/></item>
<item name="CEA" rev="266">
<attrib name="value" value="32"/></item>
<item name="CEB" rev="266">
<attrib name="value" value="32"/></item>
<item name="CEC" rev="266">
<attrib name="value" value="32"/></item>
<item name="CECARRYIN" rev="266">
<attrib name="value" value="32"/></item>
<item name="CED" rev="266">
<attrib name="value" value="32"/></item>
<item name="CEM" rev="266">
<attrib name="value" value="32"/></item>
<item name="CEOPMODE" rev="266">
<attrib name="value" value="32"/></item>
<item name="CEP" rev="266">
<attrib name="value" value="32"/></item>
<item name="CLK" rev="266">
<attrib name="value" value="32"/></item>
<item name="D0" rev="266">
<attrib name="value" value="32"/></item>
<item name="D1" rev="266">
<attrib name="value" value="32"/></item>
<item name="D10" rev="266">
<attrib name="value" value="32"/></item>
<item name="D11" rev="266">
<attrib name="value" value="32"/></item>
<item name="D12" rev="266">
<attrib name="value" value="32"/></item>
<item name="D13" rev="266">
<attrib name="value" value="32"/></item>
<item name="D14" rev="266">
<attrib name="value" value="32"/></item>
<item name="D15" rev="266">
<attrib name="value" value="32"/></item>
<item name="D16" rev="266">
<attrib name="value" value="32"/></item>
<item name="D17" rev="266">
<attrib name="value" value="32"/></item>
<item name="D2" rev="266">
<attrib name="value" value="32"/></item>
<item name="D3" rev="266">
<attrib name="value" value="32"/></item>
<item name="D4" rev="266">
<attrib name="value" value="32"/></item>
<item name="D5" rev="266">
<attrib name="value" value="32"/></item>
<item name="D6" rev="266">
<attrib name="value" value="32"/></item>
<item name="D7" rev="266">
<attrib name="value" value="32"/></item>
<item name="D8" rev="266">
<attrib name="value" value="32"/></item>
<item name="D9" rev="266">
<attrib name="value" value="32"/></item>
<item name="OPMODE0" rev="266">
<attrib name="value" value="32"/></item>
<item name="OPMODE1" rev="266">
<attrib name="value" value="32"/></item>
<item name="OPMODE2" rev="266">
<attrib name="value" value="32"/></item>
<item name="OPMODE3" rev="266">
<attrib name="value" value="32"/></item>
<item name="OPMODE4" rev="266">
<attrib name="value" value="32"/></item>
<item name="OPMODE5" rev="266">
<attrib name="value" value="32"/></item>
<item name="OPMODE6" rev="266">
<attrib name="value" value="32"/></item>
<item name="OPMODE7" rev="266">
<attrib name="value" value="32"/></item>
<item name="P0" rev="266">
<attrib name="value" value="16"/></item>
<item name="P1" rev="266">
<attrib name="value" value="16"/></item>
<item name="P10" rev="266">
<attrib name="value" value="16"/></item>
<item name="P11" rev="266">
<attrib name="value" value="16"/></item>
<item name="P12" rev="266">
<attrib name="value" value="16"/></item>
<item name="P13" rev="266">
<attrib name="value" value="16"/></item>
<item name="P14" rev="266">
<attrib name="value" value="16"/></item>
<item name="P15" rev="266">
<attrib name="value" value="16"/></item>
<item name="P16" rev="266">
<attrib name="value" value="16"/></item>
<item name="P17" rev="266">
<attrib name="value" value="16"/></item>
<item name="P18" rev="266">
<attrib name="value" value="16"/></item>
<item name="P19" rev="266">
<attrib name="value" value="16"/></item>
<item name="P2" rev="266">
<attrib name="value" value="16"/></item>
<item name="P20" rev="266">
<attrib name="value" value="16"/></item>
<item name="P21" rev="266">
<attrib name="value" value="16"/></item>
<item name="P22" rev="266">
<attrib name="value" value="16"/></item>
<item name="P23" rev="266">
<attrib name="value" value="16"/></item>
<item name="P24" rev="266">
<attrib name="value" value="16"/></item>
<item name="P25" rev="266">
<attrib name="value" value="16"/></item>
<item name="P26" rev="266">
<attrib name="value" value="16"/></item>
<item name="P3" rev="266">
<attrib name="value" value="16"/></item>
<item name="P4" rev="266">
<attrib name="value" value="16"/></item>
<item name="P5" rev="266">
<attrib name="value" value="16"/></item>
<item name="P6" rev="266">
<attrib name="value" value="16"/></item>
<item name="P7" rev="266">
<attrib name="value" value="16"/></item>
<item name="P8" rev="266">
<attrib name="value" value="16"/></item>
<item name="P9" rev="266">
<attrib name="value" value="16"/></item>
<item name="PCIN0" rev="266">
<attrib name="value" value="16"/></item>
<item name="PCIN1" rev="266">
<attrib name="value" value="16"/></item>
<item name="PCIN10" rev="266">
<attrib name="value" value="16"/></item>
<item name="PCIN11" rev="266">
<attrib name="value" value="16"/></item>
<item name="PCIN12" rev="266">
<attrib name="value" value="16"/></item>
<item name="PCIN13" rev="266">
<attrib name="value" value="16"/></item>
<item name="PCIN14" rev="266">
<attrib name="value" value="16"/></item>
<item name="PCIN15" rev="266">
<attrib name="value" value="16"/></item>
<item name="PCIN16" rev="266">
<attrib name="value" value="16"/></item>
<item name="PCIN17" rev="266">
<attrib name="value" value="16"/></item>
<item name="PCIN18" rev="266">
<attrib name="value" value="16"/></item>
<item name="PCIN19" rev="266">
<attrib name="value" value="16"/></item>
<item name="PCIN2" rev="266">
<attrib name="value" value="16"/></item>
<item name="PCIN20" rev="266">
<attrib name="value" value="16"/></item>
<item name="PCIN21" rev="266">
<attrib name="value" value="16"/></item>
<item name="PCIN22" rev="266">
<attrib name="value" value="16"/></item>
<item name="PCIN23" rev="266">
<attrib name="value" value="16"/></item>
<item name="PCIN24" rev="266">
<attrib name="value" value="16"/></item>
<item name="PCIN25" rev="266">
<attrib name="value" value="16"/></item>
<item name="PCIN26" rev="266">
<attrib name="value" value="16"/></item>
<item name="PCIN27" rev="266">
<attrib name="value" value="16"/></item>
<item name="PCIN28" rev="266">
<attrib name="value" value="16"/></item>
<item name="PCIN29" rev="266">
<attrib name="value" value="16"/></item>
<item name="PCIN3" rev="266">
<attrib name="value" value="16"/></item>
<item name="PCIN30" rev="266">
<attrib name="value" value="16"/></item>
<item name="PCIN31" rev="266">
<attrib name="value" value="16"/></item>
<item name="PCIN32" rev="266">
<attrib name="value" value="16"/></item>
<item name="PCIN33" rev="266">
<attrib name="value" value="16"/></item>
<item name="PCIN34" rev="266">
<attrib name="value" value="16"/></item>
<item name="PCIN35" rev="266">
<attrib name="value" value="16"/></item>
<item name="PCIN36" rev="266">
<attrib name="value" value="16"/></item>
<item name="PCIN37" rev="266">
<attrib name="value" value="16"/></item>
<item name="PCIN38" rev="266">
<attrib name="value" value="16"/></item>
<item name="PCIN39" rev="266">
<attrib name="value" value="16"/></item>
<item name="PCIN4" rev="266">
<attrib name="value" value="16"/></item>
<item name="PCIN40" rev="266">
<attrib name="value" value="16"/></item>
<item name="PCIN41" rev="266">
<attrib name="value" value="16"/></item>
<item name="PCIN42" rev="266">
<attrib name="value" value="16"/></item>
<item name="PCIN43" rev="266">
<attrib name="value" value="16"/></item>
<item name="PCIN44" rev="266">
<attrib name="value" value="16"/></item>
<item name="PCIN45" rev="266">
<attrib name="value" value="16"/></item>
<item name="PCIN46" rev="266">
<attrib name="value" value="16"/></item>
<item name="PCIN47" rev="266">
<attrib name="value" value="16"/></item>
<item name="PCIN5" rev="266">
<attrib name="value" value="16"/></item>
<item name="PCIN6" rev="266">
<attrib name="value" value="16"/></item>
<item name="PCIN7" rev="266">
<attrib name="value" value="16"/></item>
<item name="PCIN8" rev="266">
<attrib name="value" value="16"/></item>
<item name="PCIN9" rev="266">
<attrib name="value" value="16"/></item>
<item name="PCOUT0" rev="266">
<attrib name="value" value="16"/></item>
<item name="PCOUT1" rev="266">
<attrib name="value" value="16"/></item>
<item name="PCOUT10" rev="266">
<attrib name="value" value="16"/></item>
<item name="PCOUT11" rev="266">
<attrib name="value" value="16"/></item>
<item name="PCOUT12" rev="266">
<attrib name="value" value="16"/></item>
<item name="PCOUT13" rev="266">
<attrib name="value" value="16"/></item>
<item name="PCOUT14" rev="266">
<attrib name="value" value="16"/></item>
<item name="PCOUT15" rev="266">
<attrib name="value" value="16"/></item>
<item name="PCOUT16" rev="266">
<attrib name="value" value="16"/></item>
<item name="PCOUT17" rev="266">
<attrib name="value" value="16"/></item>
<item name="PCOUT18" rev="266">
<attrib name="value" value="16"/></item>
<item name="PCOUT19" rev="266">
<attrib name="value" value="16"/></item>
<item name="PCOUT2" rev="266">
<attrib name="value" value="16"/></item>
<item name="PCOUT20" rev="266">
<attrib name="value" value="16"/></item>
<item name="PCOUT21" rev="266">
<attrib name="value" value="16"/></item>
<item name="PCOUT22" rev="266">
<attrib name="value" value="16"/></item>
<item name="PCOUT23" rev="266">
<attrib name="value" value="16"/></item>
<item name="PCOUT24" rev="266">
<attrib name="value" value="16"/></item>
<item name="PCOUT25" rev="266">
<attrib name="value" value="16"/></item>
<item name="PCOUT26" rev="266">
<attrib name="value" value="16"/></item>
<item name="PCOUT27" rev="266">
<attrib name="value" value="16"/></item>
<item name="PCOUT28" rev="266">
<attrib name="value" value="16"/></item>
<item name="PCOUT29" rev="266">
<attrib name="value" value="16"/></item>
<item name="PCOUT3" rev="266">
<attrib name="value" value="16"/></item>
<item name="PCOUT30" rev="266">
<attrib name="value" value="16"/></item>
<item name="PCOUT31" rev="266">
<attrib name="value" value="16"/></item>
<item name="PCOUT32" rev="266">
<attrib name="value" value="16"/></item>
<item name="PCOUT33" rev="266">
<attrib name="value" value="16"/></item>
<item name="PCOUT34" rev="266">
<attrib name="value" value="16"/></item>
<item name="PCOUT35" rev="266">
<attrib name="value" value="16"/></item>
<item name="PCOUT36" rev="266">
<attrib name="value" value="16"/></item>
<item name="PCOUT37" rev="266">
<attrib name="value" value="16"/></item>
<item name="PCOUT38" rev="266">
<attrib name="value" value="16"/></item>
<item name="PCOUT39" rev="266">
<attrib name="value" value="16"/></item>
<item name="PCOUT4" rev="266">
<attrib name="value" value="16"/></item>
<item name="PCOUT40" rev="266">
<attrib name="value" value="16"/></item>
<item name="PCOUT41" rev="266">
<attrib name="value" value="16"/></item>
<item name="PCOUT42" rev="266">
<attrib name="value" value="16"/></item>
<item name="PCOUT43" rev="266">
<attrib name="value" value="16"/></item>
<item name="PCOUT44" rev="266">
<attrib name="value" value="16"/></item>
<item name="PCOUT45" rev="266">
<attrib name="value" value="16"/></item>
<item name="PCOUT46" rev="266">
<attrib name="value" value="16"/></item>
<item name="PCOUT47" rev="266">
<attrib name="value" value="16"/></item>
<item name="PCOUT5" rev="266">
<attrib name="value" value="16"/></item>
<item name="PCOUT6" rev="266">
<attrib name="value" value="16"/></item>
<item name="PCOUT7" rev="266">
<attrib name="value" value="16"/></item>
<item name="PCOUT8" rev="266">
<attrib name="value" value="16"/></item>
<item name="PCOUT9" rev="266">
<attrib name="value" value="16"/></item>
<item name="RSTA" rev="266">
<attrib name="value" value="32"/></item>
<item name="RSTB" rev="266">
<attrib name="value" value="32"/></item>
<item name="RSTC" rev="266">
<attrib name="value" value="32"/></item>
<item name="RSTCARRYIN" rev="266">
<attrib name="value" value="32"/></item>
<item name="RSTD" rev="266">
<attrib name="value" value="32"/></item>
<item name="RSTM" rev="266">
<attrib name="value" value="32"/></item>
<item name="RSTOPMODE" rev="266">
<attrib name="value" value="32"/></item>
<item name="RSTP" rev="266">
<attrib name="value" value="32"/></item>
</group>
<group name="SLICEL">
<item name="A" rev="266">
<attrib name="value" value="5"/></item>
<item name="A1" rev="266">
<attrib name="value" value="78"/></item>
<item name="A2" rev="266">
<attrib name="value" value="424"/></item>
<item name="A3" rev="266">
<attrib name="value" value="453"/></item>
<item name="A4" rev="266">
<attrib name="value" value="526"/></item>
<item name="A5" rev="266">
<attrib name="value" value="899"/></item>
<item name="A6" rev="266">
<attrib name="value" value="996"/></item>
<item name="AMUX" rev="266">
<attrib name="value" value="716"/></item>
<item name="AQ" rev="266">
<attrib name="value" value="51"/></item>
<item name="AX" rev="266">
<attrib name="value" value="219"/></item>
<item name="B" rev="266">
<attrib name="value" value="14"/></item>
<item name="B1" rev="266">
<attrib name="value" value="83"/></item>
<item name="B2" rev="266">
<attrib name="value" value="288"/></item>
<item name="B3" rev="266">
<attrib name="value" value="314"/></item>
<item name="B4" rev="266">
<attrib name="value" value="380"/></item>
<item name="B5" rev="266">
<attrib name="value" value="730"/></item>
<item name="B6" rev="266">
<attrib name="value" value="793"/></item>
<item name="BMUX" rev="266">
<attrib name="value" value="582"/></item>
<item name="BQ" rev="266">
<attrib name="value" value="50"/></item>
<item name="BX" rev="266">
<attrib name="value" value="236"/></item>
<item name="C" rev="266">
<attrib name="value" value="38"/></item>
<item name="C1" rev="266">
<attrib name="value" value="123"/></item>
<item name="C2" rev="266">
<attrib name="value" value="335"/></item>
<item name="C3" rev="266">
<attrib name="value" value="352"/></item>
<item name="C4" rev="266">
<attrib name="value" value="408"/></item>
<item name="C5" rev="266">
<attrib name="value" value="682"/></item>
<item name="C6" rev="266">
<attrib name="value" value="732"/></item>
<item name="CE" rev="266">
<attrib name="value" value="77"/></item>
<item name="CIN" rev="266">
<attrib name="value" value="646"/></item>
<item name="CLK" rev="266">
<attrib name="value" value="95"/></item>
<item name="CMUX" rev="266">
<attrib name="value" value="496"/></item>
<item name="COUT" rev="266">
<attrib name="value" value="647"/></item>
<item name="CQ" rev="266">
<attrib name="value" value="69"/></item>
<item name="CX" rev="266">
<attrib name="value" value="236"/></item>
<item name="D" rev="266">
<attrib name="value" value="83"/></item>
<item name="D1" rev="266">
<attrib name="value" value="122"/></item>
<item name="D2" rev="266">
<attrib name="value" value="350"/></item>
<item name="D3" rev="266">
<attrib name="value" value="372"/></item>
<item name="D4" rev="266">
<attrib name="value" value="425"/></item>
<item name="D5" rev="266">
<attrib name="value" value="705"/></item>
<item name="D6" rev="266">
<attrib name="value" value="741"/></item>
<item name="DMUX" rev="266">
<attrib name="value" value="477"/></item>
<item name="DQ" rev="266">
<attrib name="value" value="74"/></item>
<item name="DX" rev="266">
<attrib name="value" value="205"/></item>
<item name="SR" rev="266">
<attrib name="value" value="48"/></item>
</group>
<group name="SLICEM">
<item name="AMUX" rev="266">
<attrib name="value" value="1"/></item>
<item name="AQ" rev="266">
<attrib name="value" value="1"/></item>
<item name="AX" rev="266">
<attrib name="value" value="1"/></item>
<item name="B1" rev="266">
<attrib name="value" value="1"/></item>
<item name="B2" rev="266">
<attrib name="value" value="1"/></item>
<item name="B3" rev="266">
<attrib name="value" value="1"/></item>
<item name="B4" rev="266">
<attrib name="value" value="1"/></item>
<item name="B5" rev="266">
<attrib name="value" value="1"/></item>
<item name="B6" rev="266">
<attrib name="value" value="1"/></item>
<item name="BI" rev="266">
<attrib name="value" value="1"/></item>
<item name="BQ" rev="266">
<attrib name="value" value="1"/></item>
<item name="C1" rev="266">
<attrib name="value" value="1"/></item>
<item name="C2" rev="266">
<attrib name="value" value="1"/></item>
<item name="C3" rev="266">
<attrib name="value" value="1"/></item>
<item name="C4" rev="266">
<attrib name="value" value="1"/></item>
<item name="C5" rev="266">
<attrib name="value" value="1"/></item>
<item name="C6" rev="266">
<attrib name="value" value="1"/></item>
<item name="CE" rev="266">
<attrib name="value" value="1"/></item>
<item name="CI" rev="266">
<attrib name="value" value="1"/></item>
<item name="CIN" rev="266">
<attrib name="value" value="1"/></item>
<item name="CLK" rev="266">
<attrib name="value" value="1"/></item>
<item name="CQ" rev="266">
<attrib name="value" value="1"/></item>
<item name="D1" rev="266">
<attrib name="value" value="1"/></item>
<item name="D2" rev="266">
<attrib name="value" value="1"/></item>
<item name="D3" rev="266">
<attrib name="value" value="1"/></item>
<item name="D4" rev="266">
<attrib name="value" value="1"/></item>
<item name="D5" rev="266">
<attrib name="value" value="1"/></item>
<item name="D6" rev="266">
<attrib name="value" value="1"/></item>
<item name="DI" rev="266">
<attrib name="value" value="1"/></item>
<item name="DQ" rev="266">
<attrib name="value" value="1"/></item>
</group>
<group name="IOB_OUTBUF">
<item name="IN" rev="266">
<attrib name="value" value="21"/></item>
<item name="OUT" rev="266">
<attrib name="value" value="21"/></item>
</group>
<group name="SLICEX">
<item name="A" rev="266">
<attrib name="value" value="510"/></item>
<item name="A1" rev="266">
<attrib name="value" value="314"/></item>
<item name="A2" rev="266">
<attrib name="value" value="456"/></item>
<item name="A3" rev="266">
<attrib name="value" value="503"/></item>
<item name="A4" rev="266">
<attrib name="value" value="529"/></item>
<item name="A5" rev="266">
<attrib name="value" value="532"/></item>
<item name="A6" rev="266">
<attrib name="value" value="537"/></item>
<item name="AMUX" rev="266">
<attrib name="value" value="117"/></item>
<item name="AQ" rev="266">
<attrib name="value" value="77"/></item>
<item name="AX" rev="266">
<attrib name="value" value="37"/></item>
<item name="B" rev="266">
<attrib name="value" value="343"/></item>
<item name="B1" rev="266">
<attrib name="value" value="213"/></item>
<item name="B2" rev="266">
<attrib name="value" value="307"/></item>
<item name="B3" rev="266">
<attrib name="value" value="347"/></item>
<item name="B4" rev="266">
<attrib name="value" value="367"/></item>
<item name="B5" rev="266">
<attrib name="value" value="374"/></item>
<item name="B6" rev="266">
<attrib name="value" value="372"/></item>
<item name="BMUX" rev="266">
<attrib name="value" value="108"/></item>
<item name="BQ" rev="266">
<attrib name="value" value="58"/></item>
<item name="BX" rev="266">
<attrib name="value" value="22"/></item>
<item name="C" rev="266">
<attrib name="value" value="194"/></item>
<item name="C1" rev="266">
<attrib name="value" value="138"/></item>
<item name="C2" rev="266">
<attrib name="value" value="192"/></item>
<item name="C3" rev="266">
<attrib name="value" value="210"/></item>
<item name="C4" rev="266">
<attrib name="value" value="220"/></item>
<item name="C5" rev="266">
<attrib name="value" value="222"/></item>
<item name="C6" rev="266">
<attrib name="value" value="222"/></item>
<item name="CE" rev="266">
<attrib name="value" value="93"/></item>
<item name="CLK" rev="266">
<attrib name="value" value="146"/></item>
<item name="CMUX" rev="266">
<attrib name="value" value="59"/></item>
<item name="CQ" rev="266">
<attrib name="value" value="51"/></item>
<item name="CX" rev="266">
<attrib name="value" value="17"/></item>
<item name="D" rev="266">
<attrib name="value" value="199"/></item>
<item name="D1" rev="266">
<attrib name="value" value="125"/></item>
<item name="D2" rev="266">
<attrib name="value" value="161"/></item>
<item name="D3" rev="266">
<attrib name="value" value="183"/></item>
<item name="D4" rev="266">
<attrib name="value" value="204"/></item>
<item name="D5" rev="266">
<attrib name="value" value="214"/></item>
<item name="D6" rev="266">
<attrib name="value" value="215"/></item>
<item name="DMUX" rev="266">
<attrib name="value" value="65"/></item>
<item name="DQ" rev="266">
<attrib name="value" value="39"/></item>
<item name="DX" rev="266">
<attrib name="value" value="14"/></item>
<item name="SR" rev="266">
<attrib name="value" value="33"/></item>
</group>
<group name="BUFG_BUFG">
<item name="I0" rev="266">
<attrib name="value" value="3"/></item>
<item name="O" rev="266">
<attrib name="value" value="3"/></item>
</group>
<group name="PAD">
<item name="PAD" rev="266">
<attrib name="value" value="32"/></item>
</group>
<group name="IOB_INBUF">
<item name="OUT" rev="266">
<attrib name="value" value="11"/></item>
<item name="PAD" rev="266">
<attrib name="value" value="11"/></item>
</group>
<group name="OLOGIC2">
<item name="CLK0" rev="266">
<attrib name="value" value="7"/></item>
<item name="D1" rev="266">
<attrib name="value" value="7"/></item>
<item name="OQ" rev="266">
<attrib name="value" value="7"/></item>
</group>
<group name="RAMB16BWER">
<item name="ADDRA0" rev="266">
<attrib name="value" value="16"/></item>
<item name="ADDRA1" rev="266">
<attrib name="value" value="16"/></item>
<item name="ADDRA10" rev="266">
<attrib name="value" value="16"/></item>
<item name="ADDRA11" rev="266">
<attrib name="value" value="16"/></item>
<item name="ADDRA12" rev="266">
<attrib name="value" value="16"/></item>
<item name="ADDRA13" rev="266">
<attrib name="value" value="16"/></item>
<item name="ADDRA2" rev="266">
<attrib name="value" value="16"/></item>
<item name="ADDRA3" rev="266">
<attrib name="value" value="16"/></item>
<item name="ADDRA4" rev="266">
<attrib name="value" value="16"/></item>
<item name="ADDRA5" rev="266">
<attrib name="value" value="16"/></item>
<item name="ADDRA6" rev="266">
<attrib name="value" value="16"/></item>
<item name="ADDRA7" rev="266">
<attrib name="value" value="16"/></item>
<item name="ADDRA8" rev="266">
<attrib name="value" value="16"/></item>
<item name="ADDRA9" rev="266">
<attrib name="value" value="16"/></item>
<item name="ADDRB0" rev="266">
<attrib name="value" value="16"/></item>
<item name="ADDRB1" rev="266">
<attrib name="value" value="16"/></item>
<item name="ADDRB10" rev="266">
<attrib name="value" value="16"/></item>
<item name="ADDRB11" rev="266">
<attrib name="value" value="16"/></item>
<item name="ADDRB12" rev="266">
<attrib name="value" value="16"/></item>
<item name="ADDRB13" rev="266">
<attrib name="value" value="16"/></item>
<item name="ADDRB2" rev="266">
<attrib name="value" value="16"/></item>
<item name="ADDRB3" rev="266">
<attrib name="value" value="16"/></item>
<item name="ADDRB4" rev="266">
<attrib name="value" value="16"/></item>
<item name="ADDRB5" rev="266">
<attrib name="value" value="16"/></item>
<item name="ADDRB6" rev="266">
<attrib name="value" value="16"/></item>
<item name="ADDRB7" rev="266">
<attrib name="value" value="16"/></item>
<item name="ADDRB8" rev="266">
<attrib name="value" value="16"/></item>
<item name="ADDRB9" rev="266">
<attrib name="value" value="16"/></item>
<item name="CLKA" rev="266">
<attrib name="value" value="16"/></item>
<item name="CLKB" rev="266">
<attrib name="value" value="16"/></item>
<item name="DIA0" rev="266">
<attrib name="value" value="16"/></item>
<item name="DIA1" rev="266">
<attrib name="value" value="16"/></item>
<item name="DIA10" rev="266">
<attrib name="value" value="16"/></item>
<item name="DIA11" rev="266">
<attrib name="value" value="16"/></item>
<item name="DIA12" rev="266">
<attrib name="value" value="16"/></item>
<item name="DIA13" rev="266">
<attrib name="value" value="16"/></item>
<item name="DIA14" rev="266">
<attrib name="value" value="16"/></item>
<item name="DIA15" rev="266">
<attrib name="value" value="16"/></item>
<item name="DIA16" rev="266">
<attrib name="value" value="16"/></item>
<item name="DIA17" rev="266">
<attrib name="value" value="16"/></item>
<item name="DIA18" rev="266">
<attrib name="value" value="16"/></item>
<item name="DIA19" rev="266">
<attrib name="value" value="16"/></item>
<item name="DIA2" rev="266">
<attrib name="value" value="16"/></item>
<item name="DIA20" rev="266">
<attrib name="value" value="16"/></item>
<item name="DIA21" rev="266">
<attrib name="value" value="16"/></item>
<item name="DIA22" rev="266">
<attrib name="value" value="16"/></item>
<item name="DIA23" rev="266">
<attrib name="value" value="16"/></item>
<item name="DIA24" rev="266">
<attrib name="value" value="16"/></item>
<item name="DIA25" rev="266">
<attrib name="value" value="16"/></item>
<item name="DIA26" rev="266">
<attrib name="value" value="16"/></item>
<item name="DIA27" rev="266">
<attrib name="value" value="16"/></item>
<item name="DIA28" rev="266">
<attrib name="value" value="16"/></item>
<item name="DIA29" rev="266">
<attrib name="value" value="16"/></item>
<item name="DIA3" rev="266">
<attrib name="value" value="16"/></item>
<item name="DIA30" rev="266">
<attrib name="value" value="16"/></item>
<item name="DIA31" rev="266">
<attrib name="value" value="16"/></item>
<item name="DIA4" rev="266">
<attrib name="value" value="16"/></item>
<item name="DIA5" rev="266">
<attrib name="value" value="16"/></item>
<item name="DIA6" rev="266">
<attrib name="value" value="16"/></item>
<item name="DIA7" rev="266">
<attrib name="value" value="16"/></item>
<item name="DIA8" rev="266">
<attrib name="value" value="16"/></item>
<item name="DIA9" rev="266">
<attrib name="value" value="16"/></item>
<item name="DIB0" rev="266">
<attrib name="value" value="16"/></item>
<item name="DIB1" rev="266">
<attrib name="value" value="16"/></item>
<item name="DIB10" rev="266">
<attrib name="value" value="16"/></item>
<item name="DIB11" rev="266">
<attrib name="value" value="16"/></item>
<item name="DIB12" rev="266">
<attrib name="value" value="16"/></item>
<item name="DIB13" rev="266">
<attrib name="value" value="16"/></item>
<item name="DIB14" rev="266">
<attrib name="value" value="16"/></item>
<item name="DIB15" rev="266">
<attrib name="value" value="16"/></item>
<item name="DIB16" rev="266">
<attrib name="value" value="16"/></item>
<item name="DIB17" rev="266">
<attrib name="value" value="16"/></item>
<item name="DIB18" rev="266">
<attrib name="value" value="16"/></item>
<item name="DIB19" rev="266">
<attrib name="value" value="16"/></item>
<item name="DIB2" rev="266">
<attrib name="value" value="16"/></item>
<item name="DIB20" rev="266">
<attrib name="value" value="16"/></item>
<item name="DIB21" rev="266">
<attrib name="value" value="16"/></item>
<item name="DIB22" rev="266">
<attrib name="value" value="16"/></item>
<item name="DIB23" rev="266">
<attrib name="value" value="16"/></item>
<item name="DIB24" rev="266">
<attrib name="value" value="16"/></item>
<item name="DIB25" rev="266">
<attrib name="value" value="16"/></item>
<item name="DIB26" rev="266">
<attrib name="value" value="16"/></item>
<item name="DIB27" rev="266">
<attrib name="value" value="16"/></item>
<item name="DIB28" rev="266">
<attrib name="value" value="16"/></item>
<item name="DIB29" rev="266">
<attrib name="value" value="16"/></item>
<item name="DIB3" rev="266">
<attrib name="value" value="16"/></item>
<item name="DIB30" rev="266">
<attrib name="value" value="16"/></item>
<item name="DIB31" rev="266">
<attrib name="value" value="16"/></item>
<item name="DIB4" rev="266">
<attrib name="value" value="16"/></item>
<item name="DIB5" rev="266">
<attrib name="value" value="16"/></item>
<item name="DIB6" rev="266">
<attrib name="value" value="16"/></item>
<item name="DIB7" rev="266">
<attrib name="value" value="16"/></item>
<item name="DIB8" rev="266">
<attrib name="value" value="16"/></item>
<item name="DIB9" rev="266">
<attrib name="value" value="16"/></item>
<item name="DIPA0" rev="266">
<attrib name="value" value="16"/></item>
<item name="DIPA1" rev="266">
<attrib name="value" value="16"/></item>
<item name="DIPA2" rev="266">
<attrib name="value" value="16"/></item>
<item name="DIPA3" rev="266">
<attrib name="value" value="16"/></item>
<item name="DIPB0" rev="266">
<attrib name="value" value="16"/></item>
<item name="DIPB1" rev="266">
<attrib name="value" value="16"/></item>
<item name="DIPB2" rev="266">
<attrib name="value" value="16"/></item>
<item name="DIPB3" rev="266">
<attrib name="value" value="16"/></item>
<item name="DOA0" rev="266">
<attrib name="value" value="16"/></item>
<item name="DOA1" rev="266">
<attrib name="value" value="8"/></item>
<item name="DOA2" rev="266">
<attrib name="value" value="4"/></item>
<item name="DOA3" rev="266">
<attrib name="value" value="4"/></item>
<item name="DOA4" rev="266">
<attrib name="value" value="2"/></item>
<item name="DOA5" rev="266">
<attrib name="value" value="2"/></item>
<item name="DOA6" rev="266">
<attrib name="value" value="2"/></item>
<item name="DOA7" rev="266">
<attrib name="value" value="2"/></item>
<item name="ENA" rev="266">
<attrib name="value" value="16"/></item>
<item name="ENB" rev="266">
<attrib name="value" value="16"/></item>
<item name="REGCEA" rev="266">
<attrib name="value" value="16"/></item>
<item name="REGCEB" rev="266">
<attrib name="value" value="16"/></item>
<item name="RSTA" rev="266">
<attrib name="value" value="16"/></item>
<item name="RSTB" rev="266">
<attrib name="value" value="16"/></item>
<item name="WEA0" rev="266">
<attrib name="value" value="16"/></item>
<item name="WEA1" rev="266">
<attrib name="value" value="16"/></item>
<item name="WEA2" rev="266">
<attrib name="value" value="16"/></item>
<item name="WEA3" rev="266">
<attrib name="value" value="16"/></item>
<item name="WEB0" rev="266">
<attrib name="value" value="16"/></item>
<item name="WEB1" rev="266">
<attrib name="value" value="16"/></item>
<item name="WEB2" rev="266">
<attrib name="value" value="16"/></item>
<item name="WEB3" rev="266">
<attrib name="value" value="16"/></item>
</group>
<group name="CARRY4">
<item name="CIN" rev="266">
<attrib name="value" value="647"/></item>
<item name="CO0" rev="266">
<attrib name="value" value="130"/></item>
<item name="CO1" rev="266">
<attrib name="value" value="66"/></item>
<item name="CO2" rev="266">
<attrib name="value" value="8"/></item>
<item name="CO3" rev="266">
<attrib name="value" value="650"/></item>
<item name="CYINIT" rev="266">
<attrib name="value" value="380"/></item>
<item name="DI0" rev="266">
<attrib name="value" value="928"/></item>
<item name="DI1" rev="266">
<attrib name="value" value="757"/></item>
<item name="DI2" rev="266">
<attrib name="value" value="656"/></item>
<item name="DI3" rev="266">
<attrib name="value" value="626"/></item>
<item name="O0" rev="266">
<attrib name="value" value="621"/></item>
<item name="O1" rev="266">
<attrib name="value" value="542"/></item>
<item name="O2" rev="266">
<attrib name="value" value="501"/></item>
<item name="O3" rev="266">
<attrib name="value" value="470"/></item>
<item name="S0" rev="266">
<attrib name="value" value="1027"/></item>
<item name="S1" rev="266">
<attrib name="value" value="818"/></item>
<item name="S2" rev="266">
<attrib name="value" value="709"/></item>
<item name="S3" rev="266">
<attrib name="value" value="671"/></item>
</group>
<group name="OLOGIC2_OUTFF">
<item name="CK0" rev="266">
<attrib name="value" value="7"/></item>
<item name="D1" rev="266">
<attrib name="value" value="7"/></item>
<item name="Q" rev="266">
<attrib name="value" value="7"/></item>
</group>
<group name="LUT5">
<item name="A1" rev="266">
<attrib name="value" value="239"/></item>
<item name="A2" rev="266">
<attrib name="value" value="1185"/></item>
<item name="A3" rev="266">
<attrib name="value" value="1239"/></item>
<item name="A4" rev="266">
<attrib name="value" value="1266"/></item>
<item name="A5" rev="266">
<attrib name="value" value="1230"/></item>
<item name="O5" rev="266">
<attrib name="value" value="2560"/></item>
</group>
<group name="LUT6">
<item name="A1" rev="266">
<attrib name="value" value="1081"/></item>
<item name="A2" rev="266">
<attrib name="value" value="2395"/></item>
<item name="A3" rev="266">
<attrib name="value" value="2673"/></item>
<item name="A4" rev="266">
<attrib name="value" value="3047"/></item>
<item name="A5" rev="266">
<attrib name="value" value="4341"/></item>
<item name="A6" rev="266">
<attrib name="value" value="4608"/></item>
<item name="O6" rev="266">
<attrib name="value" value="4754"/></item>
</group>
<group name="RAMB16BWER_RAMB16BWER">
<item name="ADDRA0" rev="266">
<attrib name="value" value="16"/></item>
<item name="ADDRA1" rev="266">
<attrib name="value" value="16"/></item>
<item name="ADDRA10" rev="266">
<attrib name="value" value="16"/></item>
<item name="ADDRA11" rev="266">
<attrib name="value" value="16"/></item>
<item name="ADDRA12" rev="266">
<attrib name="value" value="16"/></item>
<item name="ADDRA13" rev="266">
<attrib name="value" value="16"/></item>
<item name="ADDRA2" rev="266">
<attrib name="value" value="16"/></item>
<item name="ADDRA3" rev="266">
<attrib name="value" value="16"/></item>
<item name="ADDRA4" rev="266">
<attrib name="value" value="16"/></item>
<item name="ADDRA5" rev="266">
<attrib name="value" value="16"/></item>
<item name="ADDRA6" rev="266">
<attrib name="value" value="16"/></item>
<item name="ADDRA7" rev="266">
<attrib name="value" value="16"/></item>
<item name="ADDRA8" rev="266">
<attrib name="value" value="16"/></item>
<item name="ADDRA9" rev="266">
<attrib name="value" value="16"/></item>
<item name="ADDRB0" rev="266">
<attrib name="value" value="16"/></item>
<item name="ADDRB1" rev="266">
<attrib name="value" value="16"/></item>
<item name="ADDRB10" rev="266">
<attrib name="value" value="16"/></item>
<item name="ADDRB11" rev="266">
<attrib name="value" value="16"/></item>
<item name="ADDRB12" rev="266">
<attrib name="value" value="16"/></item>
<item name="ADDRB13" rev="266">
<attrib name="value" value="16"/></item>
<item name="ADDRB2" rev="266">
<attrib name="value" value="16"/></item>
<item name="ADDRB3" rev="266">
<attrib name="value" value="16"/></item>
<item name="ADDRB4" rev="266">
<attrib name="value" value="16"/></item>
<item name="ADDRB5" rev="266">
<attrib name="value" value="16"/></item>
<item name="ADDRB6" rev="266">
<attrib name="value" value="16"/></item>
<item name="ADDRB7" rev="266">
<attrib name="value" value="16"/></item>
<item name="ADDRB8" rev="266">
<attrib name="value" value="16"/></item>
<item name="ADDRB9" rev="266">
<attrib name="value" value="16"/></item>
<item name="CLKA" rev="266">
<attrib name="value" value="16"/></item>
<item name="CLKB" rev="266">
<attrib name="value" value="16"/></item>
<item name="DIA0" rev="266">
<attrib name="value" value="16"/></item>
<item name="DIA1" rev="266">
<attrib name="value" value="16"/></item>
<item name="DIA10" rev="266">
<attrib name="value" value="16"/></item>
<item name="DIA11" rev="266">
<attrib name="value" value="16"/></item>
<item name="DIA12" rev="266">
<attrib name="value" value="16"/></item>
<item name="DIA13" rev="266">
<attrib name="value" value="16"/></item>
<item name="DIA14" rev="266">
<attrib name="value" value="16"/></item>
<item name="DIA15" rev="266">
<attrib name="value" value="16"/></item>
<item name="DIA16" rev="266">
<attrib name="value" value="16"/></item>
<item name="DIA17" rev="266">
<attrib name="value" value="16"/></item>
<item name="DIA18" rev="266">
<attrib name="value" value="16"/></item>
<item name="DIA19" rev="266">
<attrib name="value" value="16"/></item>
<item name="DIA2" rev="266">
<attrib name="value" value="16"/></item>
<item name="DIA20" rev="266">
<attrib name="value" value="16"/></item>
<item name="DIA21" rev="266">
<attrib name="value" value="16"/></item>
<item name="DIA22" rev="266">
<attrib name="value" value="16"/></item>
<item name="DIA23" rev="266">
<attrib name="value" value="16"/></item>
<item name="DIA24" rev="266">
<attrib name="value" value="16"/></item>
<item name="DIA25" rev="266">
<attrib name="value" value="16"/></item>
<item name="DIA26" rev="266">
<attrib name="value" value="16"/></item>
<item name="DIA27" rev="266">
<attrib name="value" value="16"/></item>
<item name="DIA28" rev="266">
<attrib name="value" value="16"/></item>
<item name="DIA29" rev="266">
<attrib name="value" value="16"/></item>
<item name="DIA3" rev="266">
<attrib name="value" value="16"/></item>
<item name="DIA30" rev="266">
<attrib name="value" value="16"/></item>
<item name="DIA31" rev="266">
<attrib name="value" value="16"/></item>
<item name="DIA4" rev="266">
<attrib name="value" value="16"/></item>
<item name="DIA5" rev="266">
<attrib name="value" value="16"/></item>
<item name="DIA6" rev="266">
<attrib name="value" value="16"/></item>
<item name="DIA7" rev="266">
<attrib name="value" value="16"/></item>
<item name="DIA8" rev="266">
<attrib name="value" value="16"/></item>
<item name="DIA9" rev="266">
<attrib name="value" value="16"/></item>
<item name="DIB0" rev="266">
<attrib name="value" value="16"/></item>
<item name="DIB1" rev="266">
<attrib name="value" value="16"/></item>
<item name="DIB10" rev="266">
<attrib name="value" value="16"/></item>
<item name="DIB11" rev="266">
<attrib name="value" value="16"/></item>
<item name="DIB12" rev="266">
<attrib name="value" value="16"/></item>
<item name="DIB13" rev="266">
<attrib name="value" value="16"/></item>
<item name="DIB14" rev="266">
<attrib name="value" value="16"/></item>
<item name="DIB15" rev="266">
<attrib name="value" value="16"/></item>
<item name="DIB16" rev="266">
<attrib name="value" value="16"/></item>
<item name="DIB17" rev="266">
<attrib name="value" value="16"/></item>
<item name="DIB18" rev="266">
<attrib name="value" value="16"/></item>
<item name="DIB19" rev="266">
<attrib name="value" value="16"/></item>
<item name="DIB2" rev="266">
<attrib name="value" value="16"/></item>
<item name="DIB20" rev="266">
<attrib name="value" value="16"/></item>
<item name="DIB21" rev="266">
<attrib name="value" value="16"/></item>
<item name="DIB22" rev="266">
<attrib name="value" value="16"/></item>
<item name="DIB23" rev="266">
<attrib name="value" value="16"/></item>
<item name="DIB24" rev="266">
<attrib name="value" value="16"/></item>
<item name="DIB25" rev="266">
<attrib name="value" value="16"/></item>
<item name="DIB26" rev="266">
<attrib name="value" value="16"/></item>
<item name="DIB27" rev="266">
<attrib name="value" value="16"/></item>
<item name="DIB28" rev="266">
<attrib name="value" value="16"/></item>
<item name="DIB29" rev="266">
<attrib name="value" value="16"/></item>
<item name="DIB3" rev="266">
<attrib name="value" value="16"/></item>
<item name="DIB30" rev="266">
<attrib name="value" value="16"/></item>
<item name="DIB31" rev="266">
<attrib name="value" value="16"/></item>
<item name="DIB4" rev="266">
<attrib name="value" value="16"/></item>
<item name="DIB5" rev="266">
<attrib name="value" value="16"/></item>
<item name="DIB6" rev="266">
<attrib name="value" value="16"/></item>
<item name="DIB7" rev="266">
<attrib name="value" value="16"/></item>
<item name="DIB8" rev="266">
<attrib name="value" value="16"/></item>
<item name="DIB9" rev="266">
<attrib name="value" value="16"/></item>
<item name="DIPA0" rev="266">
<attrib name="value" value="16"/></item>
<item name="DIPA1" rev="266">
<attrib name="value" value="16"/></item>
<item name="DIPA2" rev="266">
<attrib name="value" value="16"/></item>
<item name="DIPA3" rev="266">
<attrib name="value" value="16"/></item>
<item name="DIPB0" rev="266">
<attrib name="value" value="16"/></item>
<item name="DIPB1" rev="266">
<attrib name="value" value="16"/></item>
<item name="DIPB2" rev="266">
<attrib name="value" value="16"/></item>
<item name="DIPB3" rev="266">
<attrib name="value" value="16"/></item>
<item name="DOA0" rev="266">
<attrib name="value" value="16"/></item>
<item name="DOA1" rev="266">
<attrib name="value" value="8"/></item>
<item name="DOA2" rev="266">
<attrib name="value" value="4"/></item>
<item name="DOA3" rev="266">
<attrib name="value" value="4"/></item>
<item name="DOA4" rev="266">
<attrib name="value" value="2"/></item>
<item name="DOA5" rev="266">
<attrib name="value" value="2"/></item>
<item name="DOA6" rev="266">
<attrib name="value" value="2"/></item>
<item name="DOA7" rev="266">
<attrib name="value" value="2"/></item>
<item name="ENA" rev="266">
<attrib name="value" value="16"/></item>
<item name="ENB" rev="266">
<attrib name="value" value="16"/></item>
<item name="REGCEA" rev="266">
<attrib name="value" value="16"/></item>
<item name="REGCEB" rev="266">
<attrib name="value" value="16"/></item>
<item name="RSTA" rev="266">
<attrib name="value" value="16"/></item>
<item name="RSTB" rev="266">
<attrib name="value" value="16"/></item>
<item name="WEA0" rev="266">
<attrib name="value" value="16"/></item>
<item name="WEA1" rev="266">
<attrib name="value" value="16"/></item>
<item name="WEA2" rev="266">
<attrib name="value" value="16"/></item>
<item name="WEA3" rev="266">
<attrib name="value" value="16"/></item>
<item name="WEB0" rev="266">
<attrib name="value" value="16"/></item>
<item name="WEB1" rev="266">
<attrib name="value" value="16"/></item>
<item name="WEB2" rev="266">
<attrib name="value" value="16"/></item>
<item name="WEB3" rev="266">
<attrib name="value" value="16"/></item>
</group>
<group name="SELMUX2_1">
<item name="0" rev="266">
<attrib name="value" value="21"/></item>
<item name="1" rev="266">
<attrib name="value" value="21"/></item>
<item name="OUT" rev="266">
<attrib name="value" value="21"/></item>
<item name="S0" rev="266">
<attrib name="value" value="21"/></item>
</group>
<group name="IOB_IMUX">
<item name="I" rev="266">
<attrib name="value" value="11"/></item>
<item name="OUT" rev="266">
<attrib name="value" value="11"/></item>
</group>
<group name="IOB">
<item name="I" rev="266">
<attrib name="value" value="11"/></item>
<item name="O" rev="266">
<attrib name="value" value="21"/></item>
<item name="PAD" rev="266">
<attrib name="value" value="32"/></item>
</group>
<group name="HARD0">
<item name="0" rev="266">
<attrib name="value" value="60"/></item>
</group>
<group name="HARD1">
<item name="1" rev="266">
<attrib name="value" value="311"/></item>
</group>
<group name="FF_SR">
<item name="CE" rev="266">
<attrib name="value" value="27"/></item>
<item name="CK" rev="266">
<attrib name="value" value="49"/></item>
<item name="D" rev="266">
<attrib name="value" value="49"/></item>
<item name="Q" rev="266">
<attrib name="value" value="49"/></item>
<item name="SR" rev="266">
<attrib name="value" value="17"/></item>
</group>
<group name="BUFG">
<item name="I0" rev="266">
<attrib name="value" value="3"/></item>
<item name="O" rev="266">
<attrib name="value" value="3"/></item>
</group>
</ReportPinData>
<CmdHistory>
</CmdHistory>
</DeviceUsageSummary>
